,1154,1512,1836,2262,2661,3385,3583,4247,4616,5396,6308,6989,7232,7871,8876,8982,9065,10226,12345,12381,13561,13934,14917,14929,15321,15322,17255
AA1,T,T,G,A,T,T,C,T,A,T,A,A,G,A,G,T,C,T,A,C,C,T,G,A,A,A,A
AA2,T,T,G,A,T,T,C,T,A,T,A,A,G,A,G,T,C,T,A,C,C,T,G,A,A,A,A
AA3,C,T,G,G,C,C,T,C,A,C,C,G,A,G,A,C,C,C,C,C,C,T,A,G,T,T,A
AB1,T,T,G,A,T,T,C,T,A,T,A,A,G,A,G,T,C,T,A,C,C,T,G,A,A,A,A
AB2,T,T,G,A,T,T,C,T,A,T,A,A,G,A,G,T,C,T,A,C,C,T,G,A,A,A,A
AB3,T,T,G,G,T,C,C,T,A,T,A,A,A,A,G,T,C,T,A,C,C,T,G,A,A,A,A
BA1,C,C,A,G,C,C,T,C,T,C,C,G,A,G,A,C,A,C,C,T,T,T,A,G,T,T,G
BA2,C,C,A,G,C,C,T,C,T,C,C,G,A,G,A,C,A,C,C,T,T,C,A,G,T,T,G
BA3,C,C,A,G,C,C,T,C,T,C,C,G,A,G,A,C,A,C,C,T,T,C,A,G,T,T,G
BB1,C,C,A,G,C,C,T,C,T,C,C,G,A,G,A,C,A,C,C,T,T,C,A,G,T,T,G
BB2,C,C,A,G,C,C,T,C,T,C,C,G,A,G,A,C,A,C,C,T,T,T,A,G,T,T,G
BB3,C,C,A,G,C,C,T,C,T,C,C,G,A,G,A,C,A,C,C,T,T,C,A,G,T,T,G
